{"bankroll": 50.0, "bankroll_ref": 50.0, "trades": [], "wins": 0, "losses": 0, "pnl": 0, "best_streak": 0, "worst_streak": 0, "consec": 0, "daily_start": 50.69, "daily_ts": 1782144651.0117404, "daily_pause_until": 0, "paper_mode": true, "skipped": 3, "pass_reasons": [{"ts": 1782144662, "reason": "EV +1.2%<8% (fair:0.53 vs token:0.50$ +frais:1.8\u00a2)", "dir": "DOWN", "session": "US_AFTERNOON", "slot_end": 1782144900, "snap": {"BTC": [64686.80640629042, 64677.935622905134, 64736.0], "ETH": [1741.36416, 1741.34573, 1742.41], "SOL": [72.7924099461919, 72.77446884472153, 72.81], "XRP": [1.1392525217014995, 1.13896634039131, 1.1397]}, "open_px": 64686.80640629042, "resolved": null}, {"ts": 1782144664, "reason": "EV +1.9%<8% (fair:0.54 vs token:0.50$ +frais:1.8\u00a2)", "dir": "DOWN", "session": "US_AFTERNOON", "slot_end": 1782144900, "snap": {"BTC": [64686.80640629042, 64667.24426818427, 64724.01], "ETH": [1741.36416, 1740.5731275050407, 1741.85], "SOL": [72.7924099461919, 72.73104582946624, 72.77], "XRP": [1.1392525217014995, 1.1384854589345759, 1.1394]}, "open_px": 64686.80640629042, "resolved": null}, {"ts": 1782144692, "reason": "EV +4.0%<8% (fair:0.56 vs token:0.50$ +frais:1.8\u00a2)", "dir": "DOWN", "session": "US_AFTERNOON", "slot_end": 1782144900, "snap": {"BTC": [64686.80640629042, 64633.72696949823, 64712.0], "ETH": [1741.36416, 1739.275744318426, 1741.29], "SOL": [72.7924099461919, 72.67085973828893, 72.76], "XRP": [1.1392525217014995, 1.137957832976911, 1.1393]}, "open_px": 64686.80640629042, "resolved": null}], "calib_factor": 2.5, "killed": false, "running": true, "version": "12.9", "saved_at": 1782144711, "oracle_patterns": [], "oracle_calib": {"BTC|delta|d1|v3": [2, 2], "ETH|gap|d1|v3": [0, 2], "XRP|gap|d1|v2": [2, 3], "BTC|gap|d0|v3": [3, 3], "ETH|gap|d1|v4": [0, 1], "SOL|gap|d1|v4": [1, 2], "ETH|gap|d0|v2": [0, 2], "SOL|gap|d2|v2": [0, 2], "ETH|gap|d1|v2": [0, 1], "ETH|gap|d2|v3": [1, 1], "ETH|gap|d0|v4": [0, 1], "SOL|gap|d1|v3": [0, 1], "XRP|gap|d0|v2": [1, 1], "BTC|delta|d2|v3": [0, 1], "BTC|gap|d1|v3": [0, 2], "ETH|gap|d2|v2": [0, 1]}, "calibration_log": [], "haiku_insights": [{"type": "pattern", "ts": 1782070699, "insight": "Meilleur pattern: gap:faible delta:contre_l\u00e9ger \u2192 50% WR (10 trades)", "combos": [["gap:faible delta:contre_l\u00e9ger", {"w": 5, "l": 5}], ["gap:faible delta:neutre", {"w": 0, "l": 36}], ["gap:fort delta:contre_l\u00e9ger", {"w": 0, "l": 31}]]}, {"type": "pattern", "ts": 1782074299, "insight": "Meilleur pattern: gap:faible delta:neutre \u2192 100% WR (29 trades)", "combos": [["gap:faible delta:neutre", {"w": 29, "l": 0}], ["gap:faible delta:contre_fort", {"w": 5, "l": 0}], ["gap:fort delta:contre_l\u00e9ger", {"w": 3, "l": 3}]]}, {"type": "pattern", "ts": 1782077899, "insight": "Meilleur pattern: gap:faible delta:contre_fort \u2192 100% WR (15 trades)", "combos": [["gap:faible delta:contre_fort", {"w": 15, "l": 0}], ["gap:fort delta:contre_fort", {"w": 31, "l": 61}], ["gap:faible delta:neutre", {"w": 13, "l": 26}]]}, {"type": "sonnet", "ts": 1782078199, "insight": "\u2022 [COMMUN] **tokenmax bloque 10W/17L (37% WR) sur skips \u00e0 0.99$** \u2014 Les 40 skips analys\u00e9s sont quasi-exclusivement filtr\u00e9s par tokenmax (tok=0.99$) et le WR des skips tokenmax est 10W/17L=37%, soit strictement identique au WR global des trades r\u00e9els (39%). Il n'y a **aucun edge suppl\u00e9mentaire** \u00e0 capturer en abaissant le plafond token : les skips gagnants auraient rapport\u00e9 ~1.64$/W mais les skips perdants co\u00fbtent ~2.51$/L. Impact net d'un assouplissement tokenmax (ex: hausser de 0.70$ \u2192 0.80$) : **+10\u00d71.64$ - 17\u00d72.51$ = +16.4$ - 42.7$ = -26.3$** sur cet \u00e9chantillon. \u26a0\ufe0f Le filtre tokenmax PROT\u00c8GE actuellement le bot d'un r\u00e9gime ETH/SOL catastrophique (ETH 12% WR, SOL 20% WR sur trades r\u00e9els). **NE PAS assouplir.** Maintenir \u00e0 0.70$ et surveiller si les premiers trades ETH/SOL post-bug-fix (corrig\u00e9 18/06) confirment l'am\u00e9lioration avant tout changement. | Confiance: 82% (n=27 skips tokenmax, coh\u00e9rent avec analyses pr\u00e9c\u00e9dentes, pas de biais session dominant d\u00e9tect\u00e9 sur ce set)\n\n\u2022 [BTC] **Pattern oracle lag BTC gap\u22650.100%+votes\u22653 = 7W/2L (78% WR) sur skips tokenmax identifiables** \u2014 En isolant les skips BTC avec gap\u22650.100% ET votes\u22653 : [gap=0.111%/votes=3\u2192WIN], [gap=0.137%/votes=4\u2192WIN], [gap=0.073%/votes=5\u2192WIN], [gap=0.228%/votes=1\u2192WIN], [gap=0.055%/votes=5\u2192WIN], [gap=0.185%/votes=2\u2192WIN], [gap=0.125%/votes=3\u2192WIN], [gap=0.126%/votes=3\u2192WIN], [gap=0.144%/votes=3\u2192WIN], [gap=0.108%/votes=3\u2192WIN] soit ~8W/2L sur les BTC tokenmax filtr\u00e9s avec gap fort. Ce pattern structurel est **coh\u00e9rent avec les 3 analyses pr\u00e9c\u00e9dentes** (confirm\u00e9, pas contredit). **Suggestion concr\u00e8te [BTC]** : cr\u00e9er une exception tokenmax BTC sp\u00e9cifique \u2014 si gap\u22650.100% ET votes\u22653 ET delta\u22650.025%, autoriser tok jusqu'\u00e0 0.85$ (au lieu de 0.70$). Impact estim\u00e9 sur \u00e9chantillon similaire futur (~10 trades/p\u00e9riode) : +8\u00d71.64$ - 2\u00d72.51$ = **+13.12$ - 5.02$ = +8.10$ net (+18.5% BR)** \u2014 \u26a0\ufe0f fourchette r\u00e9elle **+4$ \u00e0 +12$** car n=10 skips B", "filter_snapshot": {"price_unavail": {"w": 0, "l": 5}, "tokenmax": {"w": 10, "l": 17}, "ob_token": {"w": 2, "l": 4}, "ret3s_brutal": {"w": 2, "l": 0}}}, {"type": "pattern", "ts": 1782081499, "insight": "Meilleur pattern: gap:faible delta:neutre \u2192 100% WR (23 trades)", "combos": [["gap:faible delta:neutre", {"w": 23, "l": 0}], ["gap:fort delta:contre_l\u00e9ger", {"w": 6, "l": 6}], ["gap:fort delta:contre_fort", {"w": 50, "l": 62}]]}, {"type": "pattern", "ts": 1782085099, "insight": "Meilleur pattern: gap:faible delta:neutre \u2192 100% WR (23 trades)", "combos": [["gap:faible delta:neutre", {"w": 23, "l": 0}], ["gap:fort delta:contre_l\u00e9ger", {"w": 6, "l": 6}], ["gap:fort delta:contre_fort", {"w": 50, "l": 62}]]}, {"type": "pattern", "ts": 1782088699, "insight": "Meilleur pattern: gap:faible delta:neutre \u2192 100% WR (23 trades)", "combos": [["gap:faible delta:neutre", {"w": 23, "l": 0}], ["gap:fort delta:contre_l\u00e9ger", {"w": 6, "l": 6}], ["gap:fort delta:contre_fort", {"w": 50, "l": 62}]]}, {"type": "pattern", "ts": 1782092299, "insight": "Meilleur pattern: gap:faible delta:neutre \u2192 100% WR (23 trades)", "combos": [["gap:faible delta:neutre", {"w": 23, "l": 0}], ["gap:fort delta:contre_l\u00e9ger", {"w": 6, "l": 6}], ["gap:fort delta:contre_fort", {"w": 50, "l": 62}]]}, {"type": "sonnet", "ts": 1782092599,